USPS,GEOID,ANSICODE,NAME,ALAND,AWATER,ALAND_SQMI,AWATER_SQMI,INTPTLAT,INTPTLONG,ROTATE,NOTES
HI,15001,365280,Hawaii,10433635363,2739472558,4028.449,1057.7160000000001,19.597764,-155.502443,0,0
HI,15003,365281,Honolulu,1555472299,4055017343,600.571,1565.651,21.580023,-158.12340600000002,0,0
HI,15005,1702380,Kalawao,31057603,105764468,11.991,40.836,21.218764,-156.97401000000002,0,0
HI,15007,365282,Kauai,1605492324,1674244228,619.884,646.429,22.012038,-159.705965,0,0
HI,15009,365283,Maui,3008348847,3203294214,1161.53,1236.799,20.855930999999998,-156.60155,0,0
